"code","broader","label_en","label_fr","label_es","label_ru","alternative","definition","note","uri"
"01","A","Crop and animal production, hunting and related service activities","","","","","","","https://unstats.un.org/classifications/ISIC/rev4/01"
"011","01","Growing of non-perennial crops","","","","","","","https://unstats.un.org/classifications/ISIC/rev4/011"
"0111","011","Growing of cereals (except rice), leguminous crops and oil seeds","","","","","","","https://unstats.un.org/classifications/ISIC/rev4/0111"
"0112","011","Growing of rice","","","","","","","https://unstats.un.org/classifications/ISIC/rev4/0112"
"0113","011","Growing of vegetables and melons, roots and tubers","","","","","","","https://unstats.un.org/classifications/ISIC/rev4/0113"
"0114","011","Growing of sugar cane","","","","","","","https://unstats.un.org/classifications/ISIC/rev4/0114"
"0115","011","Growing of tobacco","","","","","","","https://unstats.un.org/classifications/ISIC/rev4/0115"
"0116","011","Growing of fibre crops","","","","","","","https://unstats.un.org/classifications/ISIC/rev4/0116"
"0119","011","Growing of other non-perennial crops","","","","","","","https://unstats.un.org/classifications/ISIC/rev4/0119"
"012","01","Growing of perennial crops","","","","","","","https://unstats.un.org/classifications/ISIC/rev4/012"
"0121","012","Growing of grapes","","","","","","","https://unstats.un.org/classifications/ISIC/rev4/0121"
"0122","012","Growing of tropical and subtropical fruits","","","","","","","https://unstats.un.org/classifications/ISIC/rev4/0122"
"0123","012","Growing of citrus fruits","","","","","","","https://unstats.un.org/classifications/ISIC/rev4/0123"
"0124","012","Growing of pome fruits and stone fruits","","","","","","","https://unstats.un.org/classifications/ISIC/rev4/0124"
"0125","012","Growing of other tree and bush fruits and nuts","","","","","","","https://unstats.un.org/classifications/ISIC/rev4/0125"
"0126","012","Growing of oleaginous fruits","","","","","","","https://unstats.un.org/classifications/ISIC/rev4/0126"
"0127","012","Growing of beverage crops","","","","","","","https://unstats.un.org/classifications/ISIC/rev4/0127"
"0128","012","Growing of spices, aromatic, drug and pharmaceutical crops","","","","","","","https://unstats.un.org/classifications/ISIC/rev4/0128"
"0129","012","Growing of other perennial crops","","","","","","","https://unstats.un.org/classifications/ISIC/rev4/0129"
"013","01","Plant propagation","","","","","","","https://unstats.un.org/classifications/ISIC/rev4/013"
"0130","013","Plant propagation","","","","","","","https://unstats.un.org/classifications/ISIC/rev4/0130"
"014","01","Animal production","","","","","","","https://unstats.un.org/classifications/ISIC/rev4/014"
"0141","014","Raising of cattle and buffaloes","","","","","","","https://unstats.un.org/classifications/ISIC/rev4/0141"
"0142","014","Raising of horses and other equines","","","","","","","https://unstats.un.org/classifications/ISIC/rev4/0142"
"0143","014","Raising of camels and camelids","","","","","","","https://unstats.un.org/classifications/ISIC/rev4/0143"
"0144","014","Raising of sheep and goats","","","","","","","https://unstats.un.org/classifications/ISIC/rev4/0144"
"0145","014","Raising of swine/pigs","","","","","","","https://unstats.un.org/classifications/ISIC/rev4/0145"
"0146","014","Raising of poultry","","","","","","","https://unstats.un.org/classifications/ISIC/rev4/0146"
"0149","014","Raising of other animals","","","","","","","https://unstats.un.org/classifications/ISIC/rev4/0149"
"015","01","Mixed farming","","","","","","","https://unstats.un.org/classifications/ISIC/rev4/015"
"0150","015","Mixed farming","","","","","","","https://unstats.un.org/classifications/ISIC/rev4/0150"
"016","01","Support activities to agriculture and post-harvest crop activities","","","","","","","https://unstats.un.org/classifications/ISIC/rev4/016"
"0161","016","Support activities for crop production","","","","","","","https://unstats.un.org/classifications/ISIC/rev4/0161"
"0162","016","Support activities for animal production","","","","","","","https://unstats.un.org/classifications/ISIC/rev4/0162"
"0163","016","Post-harvest crop activities","","","","","","","https://unstats.un.org/classifications/ISIC/rev4/0163"
"0164","016","Seed processing for propagation","","","","","","","https://unstats.un.org/classifications/ISIC/rev4/0164"
"017","01","Hunting, trapping and related service activities","","","","","","","https://unstats.un.org/classifications/ISIC/rev4/017"
"0170","017","Hunting, trapping and related service activities","","","","","","","https://unstats.un.org/classifications/ISIC/rev4/0170"
"02","A","Forestry and logging","","","","","","","https://unstats.un.org/classifications/ISIC/rev4/02"
"021","02","Silviculture and other forestry activities","","","","","","","https://unstats.un.org/classifications/ISIC/rev4/021"
"0210","021","Silviculture and other forestry activities","","","","","","","https://unstats.un.org/classifications/ISIC/rev4/0210"
"022","02","Logging","","","","","","","https://unstats.un.org/classifications/ISIC/rev4/022"
"0220","022","Logging","","","","","","","https://unstats.un.org/classifications/ISIC/rev4/0220"
"023","02","Gathering of non-wood forest products","","","","","","","https://unstats.un.org/classifications/ISIC/rev4/023"
"0230","023","Gathering of non-wood forest products","","","","","","","https://unstats.un.org/classifications/ISIC/rev4/0230"
"024","02","Support services to forestry","","","","","","","https://unstats.un.org/classifications/ISIC/rev4/024"
"0240","024","Support services to forestry","","","","","","","https://unstats.un.org/classifications/ISIC/rev4/0240"
"03","A","Fishing and aquaculture","","","","","","","https://unstats.un.org/classifications/ISIC/rev4/03"
"031","03","Fishing","","","","","","","https://unstats.un.org/classifications/ISIC/rev4/031"
"0311","031","Marine fishing","","","","","","","https://unstats.un.org/classifications/ISIC/rev4/0311"
"0312","031","Freshwater fishing","","","","","","","https://unstats.un.org/classifications/ISIC/rev4/0312"
"032","03","Aquaculture","","","","","","","https://unstats.un.org/classifications/ISIC/rev4/032"
"0321","032","Marine aquaculture","","","","","","","https://unstats.un.org/classifications/ISIC/rev4/0321"
"0322","032","Freshwater aquaculture","","","","","","","https://unstats.un.org/classifications/ISIC/rev4/0322"
"05","B","Mining of coal and lignite","","","","","","","https://unstats.un.org/classifications/ISIC/rev4/05"
"051","05","Mining of hard coal","","","","","","","https://unstats.un.org/classifications/ISIC/rev4/051"
"0510","051","Mining of hard coal","","","","","","","https://unstats.un.org/classifications/ISIC/rev4/0510"
"052","05","Mining of lignite","","","","","","","https://unstats.un.org/classifications/ISIC/rev4/052"
"0520","052","Mining of lignite","","","","","","","https://unstats.un.org/classifications/ISIC/rev4/0520"
"06","B","Extraction of crude petroleum and natural gas","","","","","","","https://unstats.un.org/classifications/ISIC/rev4/06"
"061","06","Extraction of crude petroleum","","","","","","","https://unstats.un.org/classifications/ISIC/rev4/061"
"0610","061","Extraction of crude petroleum","","","","","","","https://unstats.un.org/classifications/ISIC/rev4/0610"
"062","06","Extraction of natural gas","","","","","","","https://unstats.un.org/classifications/ISIC/rev4/062"
"0620","062","Extraction of natural gas","","","","","","","https://unstats.un.org/classifications/ISIC/rev4/0620"
"07","B","Mining of metal ores","","","","","","","https://unstats.un.org/classifications/ISIC/rev4/07"
"071","07","Mining of iron ores","","","","","","","https://unstats.un.org/classifications/ISIC/rev4/071"
"0710","071","Mining of iron ores","","","","","","","https://unstats.un.org/classifications/ISIC/rev4/0710"
"072","07","Mining of non-ferrous metal ores","","","","","","","https://unstats.un.org/classifications/ISIC/rev4/072"
"0721","072","Mining of uranium and thorium ores","","","","","","","https://unstats.un.org/classifications/ISIC/rev4/0721"
"0729","072","Mining of other non-ferrous metal ores","","","","","","","https://unstats.un.org/classifications/ISIC/rev4/0729"
"08","B","Other mining and quarrying","","","","","","","https://unstats.un.org/classifications/ISIC/rev4/08"
"081","08","Quarrying of stone, sand and clay","","","","","","","https://unstats.un.org/classifications/ISIC/rev4/081"
"0810","081","Quarrying of stone, sand and clay","","","","","","","https://unstats.un.org/classifications/ISIC/rev4/0810"
"089","08","Mining and quarrying n.e.c.","","","","","","","https://unstats.un.org/classifications/ISIC/rev4/089"
"0891","089","Mining of chemical and fertilizer minerals","","","","","","","https://unstats.un.org/classifications/ISIC/rev4/0891"
"0892","089","Extraction of peat","","","","","","","https://unstats.un.org/classifications/ISIC/rev4/0892"
"0893","089","Extraction of salt","","","","","","","https://unstats.un.org/classifications/ISIC/rev4/0893"
"0899","089","Other mining and quarrying n.e.c.","","","","","","","https://unstats.un.org/classifications/ISIC/rev4/0899"
"09","B","Mining support service activities","","","","","","","https://unstats.un.org/classifications/ISIC/rev4/09"
"091","09","Support activities for petroleum and natural gas extraction","","","","","","","https://unstats.un.org/classifications/ISIC/rev4/091"
"0910","091","Support activities for petroleum and natural gas extraction","","","","","","","https://unstats.un.org/classifications/ISIC/rev4/0910"
"099","09","Support activities for other mining and quarrying","","","","","","","https://unstats.un.org/classifications/ISIC/rev4/099"
"0990","099","Support activities for other mining and quarrying","","","","","","","https://unstats.un.org/classifications/ISIC/rev4/0990"
"10","C","Manufacture of food products","","","","","","","https://unstats.un.org/classifications/ISIC/rev4/10"
"101","10","Processing and preserving of meat","","","","","","","https://unstats.un.org/classifications/ISIC/rev4/101"
"1010","101","Processing and preserving of meat","","","","","","","https://unstats.un.org/classifications/ISIC/rev4/1010"
"102","10","Processing and preserving of fish, crustaceans and molluscs","","","","","","","https://unstats.un.org/classifications/ISIC/rev4/102"
"1020","102","Processing and preserving of fish, crustaceans and molluscs","","","","","","","https://unstats.un.org/classifications/ISIC/rev4/1020"
"103","10","Processing and preserving of fruit and vegetables","","","","","","","https://unstats.un.org/classifications/ISIC/rev4/103"
"1030","103","Processing and preserving of fruit and vegetables","","","","","","","https://unstats.un.org/classifications/ISIC/rev4/1030"
"104","10","Manufacture of vegetable and animal oils and fats","","","","","","","https://unstats.un.org/classifications/ISIC/rev4/104"
"1040","104","Manufacture of vegetable and animal oils and fats","","","","","","","https://unstats.un.org/classifications/ISIC/rev4/1040"
"105","10","Manufacture of dairy products","","","","","","","https://unstats.un.org/classifications/ISIC/rev4/105"
"1050","105","Manufacture of dairy products","","","","","","","https://unstats.un.org/classifications/ISIC/rev4/1050"
"106","10","Manufacture of grain mill products, starches and starch products","","","","","","","https://unstats.un.org/classifications/ISIC/rev4/106"
"1061","106","Manufacture of grain mill products","","","","","","","https://unstats.un.org/classifications/ISIC/rev4/1061"
"1062","106","Manufacture of starches and starch products","","","","","","","https://unstats.un.org/classifications/ISIC/rev4/1062"
"107","10","Manufacture of other food products","","","","","","","https://unstats.un.org/classifications/ISIC/rev4/107"
"1071","107","Manufacture of bakery products","","","","","","","https://unstats.un.org/classifications/ISIC/rev4/1071"
"1072","107","Manufacture of sugar","","","","","","","https://unstats.un.org/classifications/ISIC/rev4/1072"
"1073","107","Manufacture of cocoa, chocolate and sugar confectionery","","","","","","","https://unstats.un.org/classifications/ISIC/rev4/1073"
"1074","107","Manufacture of macaroni, noodles, couscous and similar farinaceous products","","","","","","","https://unstats.un.org/classifications/ISIC/rev4/1074"
"1075","107","Manufacture of prepared meals and dishes","","","","","","","https://unstats.un.org/classifications/ISIC/rev4/1075"
"1079","107","Manufacture of other food products n.e.c.","","","","","","","https://unstats.un.org/classifications/ISIC/rev4/1079"
"108","10","Manufacture of prepared animal feeds","","","","","","","https://unstats.un.org/classifications/ISIC/rev4/108"
"1080","108","Manufacture of prepared animal feeds","","","","","","","https://unstats.un.org/classifications/ISIC/rev4/1080"
"11","C","Manufacture of beverages","","","","","","","https://unstats.un.org/classifications/ISIC/rev4/11"
"110","11","Manufacture of beverages","","","","","","","https://unstats.un.org/classifications/ISIC/rev4/110"
"1101","110","Distilling, rectifying and blending of spirits","","","","","","","https://unstats.un.org/classifications/ISIC/rev4/1101"
"1102","110","Manufacture of wines","","","","","","","https://unstats.un.org/classifications/ISIC/rev4/1102"
"1103","110","Manufacture of malt liquors and malt","","","","","","","https://unstats.un.org/classifications/ISIC/rev4/1103"
"1104","110","Manufacture of soft drinks; production of mineral waters and other bottled waters","","","","","","","https://unstats.un.org/classifications/ISIC/rev4/1104"
"12","C","Manufacture of tobacco products","","","","","","","https://unstats.un.org/classifications/ISIC/rev4/12"
"120","12","Manufacture of tobacco products","","","","","","","https://unstats.un.org/classifications/ISIC/rev4/120"
"1200","120","Manufacture of tobacco products","","","","","","","https://unstats.un.org/classifications/ISIC/rev4/1200"
"13","C","Manufacture of textiles","","","","","","","https://unstats.un.org/classifications/ISIC/rev4/13"
"131","13","Spinning, weaving and finishing of textiles","","","","","","","https://unstats.un.org/classifications/ISIC/rev4/131"
"1311","131","Preparation and spinning of textile fibres","","","","","","","https://unstats.un.org/classifications/ISIC/rev4/1311"
"1312","131","Weaving of textiles","","","","","","","https://unstats.un.org/classifications/ISIC/rev4/1312"
"1313","131","Finishing of textiles","","","","","","","https://unstats.un.org/classifications/ISIC/rev4/1313"
"139","13","Manufacture of other textiles","","","","","","","https://unstats.un.org/classifications/ISIC/rev4/139"
"1391","139","Manufacture of knitted and crocheted fabrics","","","","","","","https://unstats.un.org/classifications/ISIC/rev4/1391"
"1392","139","Manufacture of made-up textile articles, except apparel","","","","","","","https://unstats.un.org/classifications/ISIC/rev4/1392"
"1393","139","Manufacture of carpets and rugs","","","","","","","https://unstats.un.org/classifications/ISIC/rev4/1393"
"1394","139","Manufacture of cordage, rope, twine and netting","","","","","","","https://unstats.un.org/classifications/ISIC/rev4/1394"
"1399","139","Manufacture of other textiles n.e.c.","","","","","","","https://unstats.un.org/classifications/ISIC/rev4/1399"
"14","C","Manufacture of wearing apparel","","","","","","","https://unstats.un.org/classifications/ISIC/rev4/14"
"141","14","Manufacture of wearing apparel, except fur apparel","","","","","","","https://unstats.un.org/classifications/ISIC/rev4/141"
"1410","141","Manufacture of wearing apparel, except fur apparel","","","","","","","https://unstats.un.org/classifications/ISIC/rev4/1410"
"142","14","Manufacture of articles of fur","","","","","","","https://unstats.un.org/classifications/ISIC/rev4/142"
"1420","142","Manufacture of articles of fur","","","","","","","https://unstats.un.org/classifications/ISIC/rev4/1420"
"143","14","Manufacture of knitted and crocheted apparel","","","","","","","https://unstats.un.org/classifications/ISIC/rev4/143"
"1430","143","Manufacture of knitted and crocheted apparel","","","","","","","https://unstats.un.org/classifications/ISIC/rev4/1430"
"15","C","Manufacture of leather and related products","","","","","","","https://unstats.un.org/classifications/ISIC/rev4/15"
"151","15","Tanning and dressing of leather; manufacture of luggage, handbags, saddlery and harness; dressing and dyeing of fur","","","","","","","https://unstats.un.org/classifications/ISIC/rev4/151"
"1511","151","Tanning and dressing of leather; dressing and dyeing of fur","","","","","","","https://unstats.un.org/classifications/ISIC/rev4/1511"
"1512","151","Manufacture of luggage, handbags and the like, saddlery and harness","","","","","","","https://unstats.un.org/classifications/ISIC/rev4/1512"
"152","15","Manufacture of footwear","","","","","","","https://unstats.un.org/classifications/ISIC/rev4/152"
"1520","152","Manufacture of footwear","","","","","","","https://unstats.un.org/classifications/ISIC/rev4/1520"
"16","C","Manufacture of wood and of products of wood and cork, except furniture; manufacture of articles of straw and plaiting materials","","","","","","","https://unstats.un.org/classifications/ISIC/rev4/16"
"161","16","Sawmilling and planing of wood","","","","","","","https://unstats.un.org/classifications/ISIC/rev4/161"
"1610","161","Sawmilling and planing of wood","","","","","","","https://unstats.un.org/classifications/ISIC/rev4/1610"
"162","16","Manufacture of products of wood, cork, straw and plaiting materials","","","","","","","https://unstats.un.org/classifications/ISIC/rev4/162"
"1621","162","Manufacture of veneer sheets and wood-based panels","","","","","","","https://unstats.un.org/classifications/ISIC/rev4/1621"
"1622","162","Manufacture of builders' carpentry and joinery","","","","","","","https://unstats.un.org/classifications/ISIC/rev4/1622"
"1623","162","Manufacture of wooden containers","","","","","","","https://unstats.un.org/classifications/ISIC/rev4/1623"
"1629","162","Manufacture of other products of wood; manufacture of articles of cork, straw and plaiting materials","","","","","","","https://unstats.un.org/classifications/ISIC/rev4/1629"
"17","C","Manufacture of paper and paper products","","","","","","","https://unstats.un.org/classifications/ISIC/rev4/17"
"170","17","Manufacture of paper and paper products","","","","","","","https://unstats.un.org/classifications/ISIC/rev4/170"
"1701","170","Manufacture of pulp, paper and paperboard","","","","","","","https://unstats.un.org/classifications/ISIC/rev4/1701"
"1702","170","Manufacture of corrugated paper and paperboard and of containers of paper and paperboard","","","","","","","https://unstats.un.org/classifications/ISIC/rev4/1702"
"1709","170","Manufacture of other articles of paper and paperboard","","","","","","","https://unstats.un.org/classifications/ISIC/rev4/1709"
"18","C","Printing and reproduction of recorded media","","","","","","","https://unstats.un.org/classifications/ISIC/rev4/18"
"181","18","Printing and service activities related to printing","","","","","","","https://unstats.un.org/classifications/ISIC/rev4/181"
"1811","181","Printing","","","","","","","https://unstats.un.org/classifications/ISIC/rev4/1811"
"1812","181","Service activities related to printing","","","","","","","https://unstats.un.org/classifications/ISIC/rev4/1812"
"182","18","Reproduction of recorded media","","","","","","","https://unstats.un.org/classifications/ISIC/rev4/182"
"1820","182","Reproduction of recorded media","","","","","","","https://unstats.un.org/classifications/ISIC/rev4/1820"
"19","C","Manufacture of coke and refined petroleum products","","","","","","","https://unstats.un.org/classifications/ISIC/rev4/19"
"191","19","Manufacture of coke oven products","","","","","","","https://unstats.un.org/classifications/ISIC/rev4/191"
"1910","191","Manufacture of coke oven products","","","","","","","https://unstats.un.org/classifications/ISIC/rev4/1910"
"192","19","Manufacture of refined petroleum products","","","","","","","https://unstats.un.org/classifications/ISIC/rev4/192"
"1920","192","Manufacture of refined petroleum products","","","","","","","https://unstats.un.org/classifications/ISIC/rev4/1920"
"20","C","Manufacture of chemicals and chemical products","","","","","","","https://unstats.un.org/classifications/ISIC/rev4/20"
"201","20","Manufacture of basic chemicals, fertilizers and nitrogen compounds, plastics and synthetic rubber in primary forms","","","","","","","https://unstats.un.org/classifications/ISIC/rev4/201"
"2011","201","Manufacture of basic chemicals","","","","","","","https://unstats.un.org/classifications/ISIC/rev4/2011"
"2012","201","Manufacture of fertilizers and nitrogen compounds","","","","","","","https://unstats.un.org/classifications/ISIC/rev4/2012"
"2013","201","Manufacture of plastics and synthetic rubber in primary forms","","","","","","","https://unstats.un.org/classifications/ISIC/rev4/2013"
"202","20","Manufacture of other chemical products","","","","","","","https://unstats.un.org/classifications/ISIC/rev4/202"
"2021","202","Manufacture of pesticides and other agrochemical products","","","","","","","https://unstats.un.org/classifications/ISIC/rev4/2021"
"2022","202","Manufacture of paints, varnishes and similar coatings, printing ink and mastics","","","","","","","https://unstats.un.org/classifications/ISIC/rev4/2022"
"2023","202","Manufacture of soap and detergents, cleaning and polishing preparations, perfumes and toilet preparations","","","","","","","https://unstats.un.org/classifications/ISIC/rev4/2023"
"2029","202","Manufacture of other chemical products n.e.c.","","","","","","","https://unstats.un.org/classifications/ISIC/rev4/2029"
"203","20","Manufacture of man-made fibres","","","","","","","https://unstats.un.org/classifications/ISIC/rev4/203"
"2030","203","Manufacture of man-made fibres","","","","","","","https://unstats.un.org/classifications/ISIC/rev4/2030"
"21","C","Manufacture of basic pharmaceutical products and pharmaceutical preparations","","","","","","","https://unstats.un.org/classifications/ISIC/rev4/21"
"210","21","Manufacture of pharmaceuticals, medicinal chemical and botanical products","","","","","","","https://unstats.un.org/classifications/ISIC/rev4/210"
"2100","210","Manufacture of pharmaceuticals, medicinal chemical and botanical products","","","","","","","https://unstats.un.org/classifications/ISIC/rev4/2100"
"22","C","Manufacture of rubber and plastics products","","","","","","","https://unstats.un.org/classifications/ISIC/rev4/22"
"221","22","Manufacture of rubber products","","","","","","","https://unstats.un.org/classifications/ISIC/rev4/221"
"2211","221","Manufacture of rubber tyres and tubes; retreading and rebuilding of rubber tyres","","","","","","","https://unstats.un.org/classifications/ISIC/rev4/2211"
"2219","221","Manufacture of other rubber products","","","","","","","https://unstats.un.org/classifications/ISIC/rev4/2219"
"222","22","Manufacture of plastics products","","","","","","","https://unstats.un.org/classifications/ISIC/rev4/222"
"2220","222","Manufacture of plastics products","","","","","","","https://unstats.un.org/classifications/ISIC/rev4/2220"
"23","C","Manufacture of other non-metallic mineral products","","","","","","","https://unstats.un.org/classifications/ISIC/rev4/23"
"231","23","Manufacture of glass and glass products","","","","","","","https://unstats.un.org/classifications/ISIC/rev4/231"
"2310","231","Manufacture of glass and glass products","","","","","","","https://unstats.un.org/classifications/ISIC/rev4/2310"
"239","23","Manufacture of non-metallic mineral products n.e.c.","","","","","","","https://unstats.un.org/classifications/ISIC/rev4/239"
"2391","239","Manufacture of refractory products","","","","","","","https://unstats.un.org/classifications/ISIC/rev4/2391"
"2392","239","Manufacture of clay building materials","","","","","","","https://unstats.un.org/classifications/ISIC/rev4/2392"
"2393","239","Manufacture of other porcelain and ceramic products","","","","","","","https://unstats.un.org/classifications/ISIC/rev4/2393"
"2394","239","Manufacture of cement, lime and plaster","","","","","","","https://unstats.un.org/classifications/ISIC/rev4/2394"
"2395","239","Manufacture of articles of concrete, cement and plaster","","","","","","","https://unstats.un.org/classifications/ISIC/rev4/2395"
"2396","239","Cutting, shaping and finishing of stone","","","","","","","https://unstats.un.org/classifications/ISIC/rev4/2396"
"2399","239","Manufacture of other non-metallic mineral products n.e.c.","","","","","","","https://unstats.un.org/classifications/ISIC/rev4/2399"
"24","C","Manufacture of basic metals","","","","","","","https://unstats.un.org/classifications/ISIC/rev4/24"
"241","24","Manufacture of basic iron and steel","","","","","","","https://unstats.un.org/classifications/ISIC/rev4/241"
"2410","241","Manufacture of basic iron and steel","","","","","","","https://unstats.un.org/classifications/ISIC/rev4/2410"
"242","24","Manufacture of basic precious and other non-ferrous metals","","","","","","","https://unstats.un.org/classifications/ISIC/rev4/242"
"2420","242","Manufacture of basic precious and other non-ferrous metals","","","","","","","https://unstats.un.org/classifications/ISIC/rev4/2420"
"243","24","Casting of metals","","","","","","","https://unstats.un.org/classifications/ISIC/rev4/243"
"2431","243","Casting of iron and steel","","","","","","","https://unstats.un.org/classifications/ISIC/rev4/2431"
"2432","243","Casting of non-ferrous metals","","","","","","","https://unstats.un.org/classifications/ISIC/rev4/2432"
"25","C","Manufacture of fabricated metal products, except machinery and equipment","","","","","","","https://unstats.un.org/classifications/ISIC/rev4/25"
"251","25","Manufacture of structural metal products, tanks, reservoirs and steam generators","","","","","","","https://unstats.un.org/classifications/ISIC/rev4/251"
"2511","251","Manufacture of structural metal products","","","","","","","https://unstats.un.org/classifications/ISIC/rev4/2511"
"2512","251","Manufacture of tanks, reservoirs and containers of metal","","","","","","","https://unstats.un.org/classifications/ISIC/rev4/2512"
"2513","251","Manufacture of steam generators, except central heating hot water boilers","","","","","","","https://unstats.un.org/classifications/ISIC/rev4/2513"
"252","25","Manufacture of weapons and ammunition","","","","","","","https://unstats.un.org/classifications/ISIC/rev4/252"
"2520","252","Manufacture of weapons and ammunition","","","","","","","https://unstats.un.org/classifications/ISIC/rev4/2520"
"259","25","Manufacture of other fabricated metal products; metalworking service activities","","","","","","","https://unstats.un.org/classifications/ISIC/rev4/259"
"2591","259","Forging, pressing, stamping and roll-forming of metal; powder metallurgy","","","","","","","https://unstats.un.org/classifications/ISIC/rev4/2591"
"2592","259","Treatment and coating of metals; machining","","","","","","","https://unstats.un.org/classifications/ISIC/rev4/2592"
"2593","259","Manufacture of cutlery, hand tools and general hardware","","","","","","","https://unstats.un.org/classifications/ISIC/rev4/2593"
"2599","259","Manufacture of other fabricated metal products n.e.c.","","","","","","","https://unstats.un.org/classifications/ISIC/rev4/2599"
"26","C","Manufacture of computer, electronic and optical products","","","","","","","https://unstats.un.org/classifications/ISIC/rev4/26"
"261","26","Manufacture of electronic components and boards","","","","","","","https://unstats.un.org/classifications/ISIC/rev4/261"
"2610","261","Manufacture of electronic components and boards","","","","","","","https://unstats.un.org/classifications/ISIC/rev4/2610"
"262","26","Manufacture of computers and peripheral equipment","","","","","","","https://unstats.un.org/classifications/ISIC/rev4/262"
"2620","262","Manufacture of computers and peripheral equipment","","","","","","","https://unstats.un.org/classifications/ISIC/rev4/2620"
"263","26","Manufacture of communication equipment","","","","","","","https://unstats.un.org/classifications/ISIC/rev4/263"
"2630","263","Manufacture of communication equipment","","","","","","","https://unstats.un.org/classifications/ISIC/rev4/2630"
"264","26","Manufacture of consumer electronics","","","","","","","https://unstats.un.org/classifications/ISIC/rev4/264"
"2640","264","Manufacture of consumer electronics","","","","","","","https://unstats.un.org/classifications/ISIC/rev4/2640"
"265","26","Manufacture of measuring, testing, navigating and control equipment; watches and clocks","","","","","","","https://unstats.un.org/classifications/ISIC/rev4/265"
"2651","265","Manufacture of measuring, testing, navigating and control equipment","","","","","","","https://unstats.un.org/classifications/ISIC/rev4/2651"
"2652","265","Manufacture of watches and clocks","","","","","","","https://unstats.un.org/classifications/ISIC/rev4/2652"
"266","26","Manufacture of irradiation, electromedical and electrotherapeutic equipment","","","","","","","https://unstats.un.org/classifications/ISIC/rev4/266"
"2660","266","Manufacture of irradiation, electromedical and electrotherapeutic equipment","","","","","","","https://unstats.un.org/classifications/ISIC/rev4/2660"
"267","26","Manufacture of optical instruments and photographic equipment","","","","","","","https://unstats.un.org/classifications/ISIC/rev4/267"
"2670","267","Manufacture of optical instruments and photographic equipment","","","","","","","https://unstats.un.org/classifications/ISIC/rev4/2670"
"268","26","Manufacture of magnetic and optical media","","","","","","","https://unstats.un.org/classifications/ISIC/rev4/268"
"2680","268","Manufacture of magnetic and optical media","","","","","","","https://unstats.un.org/classifications/ISIC/rev4/2680"
"27","C","Manufacture of electrical equipment","","","","","","","https://unstats.un.org/classifications/ISIC/rev4/27"
"271","27","Manufacture of electric motors, generators, transformers and electricity distribution and control apparatus","","","","","","","https://unstats.un.org/classifications/ISIC/rev4/271"
"2710","271","Manufacture of electric motors, generators, transformers and electricity distribution and control apparatus","","","","","","","https://unstats.un.org/classifications/ISIC/rev4/2710"
"272","27","Manufacture of batteries and accumulators","","","","","","","https://unstats.un.org/classifications/ISIC/rev4/272"
"2720","272","Manufacture of batteries and accumulators","","","","","","","https://unstats.un.org/classifications/ISIC/rev4/2720"
"273","27","Manufacture of wiring and wiring devices","","","","","","","https://unstats.un.org/classifications/ISIC/rev4/273"
"2731","273","Manufacture of fibre optic cables","","","","","","","https://unstats.un.org/classifications/ISIC/rev4/2731"
"2732","273","Manufacture of other electronic and electric wires and cables","","","","","","","https://unstats.un.org/classifications/ISIC/rev4/2732"
"2733","273","Manufacture of wiring devices","","","","","","","https://unstats.un.org/classifications/ISIC/rev4/2733"
"274","27","Manufacture of electric lighting equipment","","","","","","","https://unstats.un.org/classifications/ISIC/rev4/274"
"2740","274","Manufacture of electric lighting equipment","","","","","","","https://unstats.un.org/classifications/ISIC/rev4/2740"
"275","27","Manufacture of domestic appliances","","","","","","","https://unstats.un.org/classifications/ISIC/rev4/275"
"2750","275","Manufacture of domestic appliances","","","","","","","https://unstats.un.org/classifications/ISIC/rev4/2750"
"279","27","Manufacture of other electrical equipment","","","","","","","https://unstats.un.org/classifications/ISIC/rev4/279"
"2790","279","Manufacture of other electrical equipment","","","","","","","https://unstats.un.org/classifications/ISIC/rev4/2790"
"28","C","Manufacture of machinery and equipment n.e.c.","","","","","","","https://unstats.un.org/classifications/ISIC/rev4/28"
"281","28","Manufacture of general-purpose machinery","","","","","","","https://unstats.un.org/classifications/ISIC/rev4/281"
"2811","281","Manufacture of engines and turbines, except aircraft, vehicle and cycle engines","","","","","","","https://unstats.un.org/classifications/ISIC/rev4/2811"
"2812","281","Manufacture of fluid power equipment","","","","","","","https://unstats.un.org/classifications/ISIC/rev4/2812"
"2813","281","Manufacture of other pumps, compressors, taps and valves","","","","","","","https://unstats.un.org/classifications/ISIC/rev4/2813"
"2814","281","Manufacture of bearings, gears, gearing and driving elements","","","","","","","https://unstats.un.org/classifications/ISIC/rev4/2814"
"2815","281","Manufacture of ovens, furnaces and furnace burners","","","","","","","https://unstats.un.org/classifications/ISIC/rev4/2815"
"2816","281","Manufacture of lifting and handling equipment","","","","","","","https://unstats.un.org/classifications/ISIC/rev4/2816"
"2817","281","Manufacture of office machinery and equipment (except computers and peripheral equipment)","","","","","","","https://unstats.un.org/classifications/ISIC/rev4/2817"
"2818","281","Manufacture of power-driven hand tools","","","","","","","https://unstats.un.org/classifications/ISIC/rev4/2818"
"2819","281","Manufacture of other general-purpose machinery","","","","","","","https://unstats.un.org/classifications/ISIC/rev4/2819"
"282","28","Manufacture of special-purpose machinery","","","","","","","https://unstats.un.org/classifications/ISIC/rev4/282"
"2821","282","Manufacture of agricultural and forestry machinery","","","","","","","https://unstats.un.org/classifications/ISIC/rev4/2821"
"2822","282","Manufacture of metal-forming machinery and machine tools","","","","","","","https://unstats.un.org/classifications/ISIC/rev4/2822"
"2823","282","Manufacture of machinery for metallurgy","","","","","","","https://unstats.un.org/classifications/ISIC/rev4/2823"
"2824","282","Manufacture of machinery for mining, quarrying and construction","","","","","","","https://unstats.un.org/classifications/ISIC/rev4/2824"
"2825","282","Manufacture of machinery for food, beverage and tobacco processing","","","","","","","https://unstats.un.org/classifications/ISIC/rev4/2825"
"2826","282","Manufacture of machinery for textile, apparel and leather production","","","","","","","https://unstats.un.org/classifications/ISIC/rev4/2826"
"2829","282","Manufacture of other special-purpose machinery","","","","","","","https://unstats.un.org/classifications/ISIC/rev4/2829"
"29","C","Manufacture of motor vehicles, trailers and semi-trailers","","","","","","","https://unstats.un.org/classifications/ISIC/rev4/29"
"291","29","Manufacture of motor vehicles","","","","","","","https://unstats.un.org/classifications/ISIC/rev4/291"
"2910","291","Manufacture of motor vehicles","","","","","","","https://unstats.un.org/classifications/ISIC/rev4/2910"
"292","29","Manufacture of bodies (coachwork) for motor vehicles; manufacture of trailers and semi-trailers","","","","","","","https://unstats.un.org/classifications/ISIC/rev4/292"
"2920","292","Manufacture of bodies (coachwork) for motor vehicles; manufacture of trailers and semi-trailers","","","","","","","https://unstats.un.org/classifications/ISIC/rev4/2920"
"293","29","Manufacture of parts and accessories for motor vehicles","","","","","","","https://unstats.un.org/classifications/ISIC/rev4/293"
"2930","293","Manufacture of parts and accessories for motor vehicles","","","","","","","https://unstats.un.org/classifications/ISIC/rev4/2930"
"30","C","Manufacture of other transport equipment","","","","","","","https://unstats.un.org/classifications/ISIC/rev4/30"
"301","30","Building of ships and boats","","","","","","","https://unstats.un.org/classifications/ISIC/rev4/301"
"3011","301","Building of ships and floating structures","","","","","","","https://unstats.un.org/classifications/ISIC/rev4/3011"
"3012","301","Building of pleasure and sporting boats","","","","","","","https://unstats.un.org/classifications/ISIC/rev4/3012"
"302","30","Manufacture of railway locomotives and rolling stock","","","","","","","https://unstats.un.org/classifications/ISIC/rev4/302"
"3020","302","Manufacture of railway locomotives and rolling stock","","","","","","","https://unstats.un.org/classifications/ISIC/rev4/3020"
"303","30","Manufacture of air and spacecraft and related machinery","","","","","","","https://unstats.un.org/classifications/ISIC/rev4/303"
"3030","303","Manufacture of air and spacecraft and related machinery","","","","","","","https://unstats.un.org/classifications/ISIC/rev4/3030"
"304","30","Manufacture of military fighting vehicles","","","","","","","https://unstats.un.org/classifications/ISIC/rev4/304"
"3040","304","Manufacture of military fighting vehicles","","","","","","","https://unstats.un.org/classifications/ISIC/rev4/3040"
"309","30","Manufacture of transport equipment n.e.c.","","","","","","","https://unstats.un.org/classifications/ISIC/rev4/309"
"3091","309","Manufacture of motorcycles","","","","","","","https://unstats.un.org/classifications/ISIC/rev4/3091"
"3092","309","Manufacture of bicycles and invalid carriages","","","","","","","https://unstats.un.org/classifications/ISIC/rev4/3092"
"3099","309","Manufacture of other transport equipment n.e.c.","","","","","","","https://unstats.un.org/classifications/ISIC/rev4/3099"
"31","C","Manufacture of furniture","","","","","","","https://unstats.un.org/classifications/ISIC/rev4/31"
"310","31","Manufacture of furniture","","","","","","","https://unstats.un.org/classifications/ISIC/rev4/310"
"3100","310","Manufacture of furniture","","","","","","","https://unstats.un.org/classifications/ISIC/rev4/3100"
"32","C","Other manufacturing","","","","","","","https://unstats.un.org/classifications/ISIC/rev4/32"
"321","32","Manufacture of jewellery, bijouterie and related articles","","","","","","","https://unstats.un.org/classifications/ISIC/rev4/321"
"3211","321","Manufacture of jewellery and related articles","","","","","","","https://unstats.un.org/classifications/ISIC/rev4/3211"
"3212","321","Manufacture of imitation jewellery and related articles","","","","","","","https://unstats.un.org/classifications/ISIC/rev4/3212"
"322","32","Manufacture of musical instruments","","","","","","","https://unstats.un.org/classifications/ISIC/rev4/322"
"3220","322","Manufacture of musical instruments","","","","","","","https://unstats.un.org/classifications/ISIC/rev4/3220"
"323","32","Manufacture of sports goods","","","","","","","https://unstats.un.org/classifications/ISIC/rev4/323"
"3230","323","Manufacture of sports goods","","","","","","","https://unstats.un.org/classifications/ISIC/rev4/3230"
"324","32","Manufacture of games and toys","","","","","","","https://unstats.un.org/classifications/ISIC/rev4/324"
"3240","324","Manufacture of games and toys","","","","","","","https://unstats.un.org/classifications/ISIC/rev4/3240"
"325","32","Manufacture of medical and dental instruments and supplies","","","","","","","https://unstats.un.org/classifications/ISIC/rev4/325"
"3250","325","Manufacture of medical and dental instruments and supplies","","","","","","","https://unstats.un.org/classifications/ISIC/rev4/3250"
"329","32","Other manufacturing n.e.c.","","","","","","","https://unstats.un.org/classifications/ISIC/rev4/329"
"3290","329","Other manufacturing n.e.c.","","","","","","","https://unstats.un.org/classifications/ISIC/rev4/3290"
"33","C","Repair and installation of machinery and equipment","","","","","","","https://unstats.un.org/classifications/ISIC/rev4/33"
"331","33","Repair of fabricated metal products, machinery and equipment","","","","","","","https://unstats.un.org/classifications/ISIC/rev4/331"
"3311","331","Repair of fabricated metal products","","","","","","","https://unstats.un.org/classifications/ISIC/rev4/3311"
"3312","331","Repair of machinery","","","","","","","https://unstats.un.org/classifications/ISIC/rev4/3312"
"3313","331","Repair of electronic and optical equipment","","","","","","","https://unstats.un.org/classifications/ISIC/rev4/3313"
"3314","331","Repair of electrical equipment","","","","","","","https://unstats.un.org/classifications/ISIC/rev4/3314"
"3315","331","Repair of transport equipment, except motor vehicles","","","","","","","https://unstats.un.org/classifications/ISIC/rev4/3315"
"3319","331","Repair of other equipment","","","","","","","https://unstats.un.org/classifications/ISIC/rev4/3319"
"332","33","Installation of industrial machinery and equipment","","","","","","","https://unstats.un.org/classifications/ISIC/rev4/332"
"3320","332","Installation of industrial machinery and equipment","","","","","","","https://unstats.un.org/classifications/ISIC/rev4/3320"
"35","D","Electricity, gas, steam and air conditioning supply","","","","","","","https://unstats.un.org/classifications/ISIC/rev4/35"
"351","35","Electric power generation, transmission and distribution","","","","","","","https://unstats.un.org/classifications/ISIC/rev4/351"
"3510","351","Electric power generation, transmission and distribution","","","","","","","https://unstats.un.org/classifications/ISIC/rev4/3510"
"352","35","Manufacture of gas; distribution of gaseous fuels through mains","","","","","","","https://unstats.un.org/classifications/ISIC/rev4/352"
"3520","352","Manufacture of gas; distribution of gaseous fuels through mains","","","","","","","https://unstats.un.org/classifications/ISIC/rev4/3520"
"353","35","Steam and air conditioning supply","","","","","","","https://unstats.un.org/classifications/ISIC/rev4/353"
"3530","353","Steam and air conditioning supply","","","","","","","https://unstats.un.org/classifications/ISIC/rev4/3530"
"36","E","Water collection, treatment and supply","","","","","","","https://unstats.un.org/classifications/ISIC/rev4/36"
"360","36","Water collection, treatment and supply","","","","","","","https://unstats.un.org/classifications/ISIC/rev4/360"
"3600","360","Water collection, treatment and supply","","","","","","","https://unstats.un.org/classifications/ISIC/rev4/3600"
"37","E","Sewerage","","","","","","","https://unstats.un.org/classifications/ISIC/rev4/37"
"370","37","Sewerage","","","","","","","https://unstats.un.org/classifications/ISIC/rev4/370"
"3700","370","Sewerage","","","","","","","https://unstats.un.org/classifications/ISIC/rev4/3700"
"38","E","Waste collection, treatment and disposal activities; materials recovery","","","","","","","https://unstats.un.org/classifications/ISIC/rev4/38"
"381","38","Waste collection","","","","","","","https://unstats.un.org/classifications/ISIC/rev4/381"
"3811","381","Collection of non-hazardous waste","","","","","","","https://unstats.un.org/classifications/ISIC/rev4/3811"
"3812","381","Collection of hazardous waste","","","","","","","https://unstats.un.org/classifications/ISIC/rev4/3812"
"382","38","Waste treatment and disposal","","","","","","","https://unstats.un.org/classifications/ISIC/rev4/382"
"3821","382","Treatment and disposal of non-hazardous waste","","","","","","","https://unstats.un.org/classifications/ISIC/rev4/3821"
"3822","382","Treatment and disposal of hazardous waste","","","","","","","https://unstats.un.org/classifications/ISIC/rev4/3822"
"383","38","Materials recovery","","","","","","","https://unstats.un.org/classifications/ISIC/rev4/383"
"3830","383","Materials recovery","","","","","","","https://unstats.un.org/classifications/ISIC/rev4/3830"
"39","E","Remediation activities and other waste management services","","","","","","","https://unstats.un.org/classifications/ISIC/rev4/39"
"390","39","Remediation activities and other waste management services","","","","","","","https://unstats.un.org/classifications/ISIC/rev4/390"
"3900","390","Remediation activities and other waste management services","","","","","","","https://unstats.un.org/classifications/ISIC/rev4/3900"
"41","F","Construction of buildings","","","","","","","https://unstats.un.org/classifications/ISIC/rev4/41"
"410","41","Construction of buildings","","","","","","","https://unstats.un.org/classifications/ISIC/rev4/410"
"4100","410","Construction of buildings","","","","","","","https://unstats.un.org/classifications/ISIC/rev4/4100"
"42","F","Civil engineering","","","","","","","https://unstats.un.org/classifications/ISIC/rev4/42"
"421","42","Construction of roads and railways","","","","","","","https://unstats.un.org/classifications/ISIC/rev4/421"
"4210","421","Construction of roads and railways","","","","","","","https://unstats.un.org/classifications/ISIC/rev4/4210"
"422","42","Construction of utility projects","","","","","","","https://unstats.un.org/classifications/ISIC/rev4/422"
"4220","422","Construction of utility projects","","","","","","","https://unstats.un.org/classifications/ISIC/rev4/4220"
"429","42","Construction of other civil engineering projects","","","","","","","https://unstats.un.org/classifications/ISIC/rev4/429"
"4290","429","Construction of other civil engineering projects","","","","","","","https://unstats.un.org/classifications/ISIC/rev4/4290"
"43","F","Specialized construction activities","","","","","","","https://unstats.un.org/classifications/ISIC/rev4/43"
"431","43","Demolition and site preparation","","","","","","","https://unstats.un.org/classifications/ISIC/rev4/431"
"4311","431","Demolition","","","","","","","https://unstats.un.org/classifications/ISIC/rev4/4311"
"4312","431","Site preparation","","","","","","","https://unstats.un.org/classifications/ISIC/rev4/4312"
"432","43","Electrical, plumbing and other construction installation activities","","","","","","","https://unstats.un.org/classifications/ISIC/rev4/432"
"4321","432","Electrical installation","","","","","","","https://unstats.un.org/classifications/ISIC/rev4/4321"
"4322","432","Plumbing, heat and air-conditioning installation","","","","","","","https://unstats.un.org/classifications/ISIC/rev4/4322"
"4329","432","Other construction installation","","","","","","","https://unstats.un.org/classifications/ISIC/rev4/4329"
"433","43","Building completion and finishing","","","","","","","https://unstats.un.org/classifications/ISIC/rev4/433"
"4330","433","Building completion and finishing","","","","","","","https://unstats.un.org/classifications/ISIC/rev4/4330"
"439","43","Other specialized construction activities","","","","","","","https://unstats.un.org/classifications/ISIC/rev4/439"
"4390","439","Other specialized construction activities","","","","","","","https://unstats.un.org/classifications/ISIC/rev4/4390"
"45","G","Wholesale and retail trade and repair of motor vehicles and motorcycles","","","","","","","https://unstats.un.org/classifications/ISIC/rev4/45"
"451","45","Sale of motor vehicles","","","","","","","https://unstats.un.org/classifications/ISIC/rev4/451"
"4510","451","Sale of motor vehicles","","","","","","","https://unstats.un.org/classifications/ISIC/rev4/4510"
"452","45","Maintenance and repair of motor vehicles","","","","","","","https://unstats.un.org/classifications/ISIC/rev4/452"
"4520","452","Maintenance and repair of motor vehicles","","","","","","","https://unstats.un.org/classifications/ISIC/rev4/4520"
"453","45","Sale of motor vehicle parts and accessories","","","","","","","https://unstats.un.org/classifications/ISIC/rev4/453"
"4530","453","Sale of motor vehicle parts and accessories","","","","","","","https://unstats.un.org/classifications/ISIC/rev4/4530"
"454","45","Sale, maintenance and repair of motorcycles and related parts and accessories","","","","","","","https://unstats.un.org/classifications/ISIC/rev4/454"
"4540","454","Sale, maintenance and repair of motorcycles and related parts and accessories","","","","","","","https://unstats.un.org/classifications/ISIC/rev4/4540"
"46","G","Wholesale trade, except of motor vehicles and motorcycles","","","","","","","https://unstats.un.org/classifications/ISIC/rev4/46"
"461","46","Wholesale on a fee or contract basis","","","","","","","https://unstats.un.org/classifications/ISIC/rev4/461"
"4610","461","Wholesale on a fee or contract basis","","","","","","","https://unstats.un.org/classifications/ISIC/rev4/4610"
"462","46","Wholesale of agricultural raw materials and live animals","","","","","","","https://unstats.un.org/classifications/ISIC/rev4/462"
"4620","462","Wholesale of agricultural raw materials and live animals","","","","","","","https://unstats.un.org/classifications/ISIC/rev4/4620"
"463","46","Wholesale of food, beverages and tobacco","","","","","","","https://unstats.un.org/classifications/ISIC/rev4/463"
"4630","463","Wholesale of food, beverages and tobacco","","","","","","","https://unstats.un.org/classifications/ISIC/rev4/4630"
"464","46","Wholesale of household goods","","","","","","","https://unstats.un.org/classifications/ISIC/rev4/464"
"4641","464","Wholesale of textiles, clothing and footwear","","","","","","","https://unstats.un.org/classifications/ISIC/rev4/4641"
"4649","464","Wholesale of other household goods","","","","","","","https://unstats.un.org/classifications/ISIC/rev4/4649"
"465","46","Wholesale of machinery, equipment and supplies","","","","","","","https://unstats.un.org/classifications/ISIC/rev4/465"
"4651","465","Wholesale of computers, computer peripheral equipment and software","","","","","","","https://unstats.un.org/classifications/ISIC/rev4/4651"
"4652","465","Wholesale of electronic and telecommunications equipment and parts","","","","","","","https://unstats.un.org/classifications/ISIC/rev4/4652"
"4653","465","Wholesale of agricultural machinery, equipment and supplies","","","","","","","https://unstats.un.org/classifications/ISIC/rev4/4653"
"4659","465","Wholesale of other machinery and equipment","","","","","","","https://unstats.un.org/classifications/ISIC/rev4/4659"
"466","46","Other specialized wholesale","","","","","","","https://unstats.un.org/classifications/ISIC/rev4/466"
"4661","466","Wholesale of solid, liquid and gaseous fuels and related products","","","","","","","https://unstats.un.org/classifications/ISIC/rev4/4661"
"4662","466","Wholesale of metals and metal ores","","","","","","","https://unstats.un.org/classifications/ISIC/rev4/4662"
"4663","466","Wholesale of construction materials, hardware, plumbing and heating equipment and supplies","","","","","","","https://unstats.un.org/classifications/ISIC/rev4/4663"
"4669","466","Wholesale of waste and scrap and other products n.e.c.","","","","","","","https://unstats.un.org/classifications/ISIC/rev4/4669"
"469","46","Non-specialized wholesale trade","","","","","","","https://unstats.un.org/classifications/ISIC/rev4/469"
"4690","469","Non-specialized wholesale trade","","","","","","","https://unstats.un.org/classifications/ISIC/rev4/4690"
"47","G","Retail trade, except of motor vehicles and motorcycles","","","","","","","https://unstats.un.org/classifications/ISIC/rev4/47"
"471","47","Retail sale in non-specialized stores","","","","","","","https://unstats.un.org/classifications/ISIC/rev4/471"
"4711","471","Retail sale in non-specialized stores with food, beverages or tobacco predominating","","","","","","","https://unstats.un.org/classifications/ISIC/rev4/4711"
"4719","471","Other retail sale in non-specialized stores","","","","","","","https://unstats.un.org/classifications/ISIC/rev4/4719"
"472","47","Retail sale of food, beverages and tobacco in specialized stores","","","","","","","https://unstats.un.org/classifications/ISIC/rev4/472"
"4721","472","Retail sale of food in specialized stores","","","","","","","https://unstats.un.org/classifications/ISIC/rev4/4721"
"4722","472","Retail sale of beverages in specialized stores","","","","","","","https://unstats.un.org/classifications/ISIC/rev4/4722"
"4723","472","Retail sale of tobacco products in specialized stores","","","","","","","https://unstats.un.org/classifications/ISIC/rev4/4723"
"473","47","Retail sale of automotive fuel in specialized stores","","","","","","","https://unstats.un.org/classifications/ISIC/rev4/473"
"4730","473","Retail sale of automotive fuel in specialized stores","","","","","","","https://unstats.un.org/classifications/ISIC/rev4/4730"
"474","47","Retail sale of information and communications equipment in specialized stores","","","","","","","https://unstats.un.org/classifications/ISIC/rev4/474"
"4741","474","Retail sale of computers, peripheral units, software and telecommunications equipment in specialized stores","","","","","","","https://unstats.un.org/classifications/ISIC/rev4/4741"
"4742","474","Retail sale of audio and video equipment in specialized stores","","","","","","","https://unstats.un.org/classifications/ISIC/rev4/4742"
"475","47","Retail sale of other household equipment in specialized stores","","","","","","","https://unstats.un.org/classifications/ISIC/rev4/475"
"4751","475","Retail sale of textiles in specialized stores","","","","","","","https://unstats.un.org/classifications/ISIC/rev4/4751"
"4752","475","Retail sale of hardware, paints and glass in specialized stores","","","","","","","https://unstats.un.org/classifications/ISIC/rev4/4752"
"4753","475","Retail sale of carpets, rugs, wall and floor coverings in specialized stores","","","","","","","https://unstats.un.org/classifications/ISIC/rev4/4753"
"4759","475","Retail sale of electrical household appliances, furniture, lighting equipment and other household articles in specialized stores","","","","","","","https://unstats.un.org/classifications/ISIC/rev4/4759"
"476","47","Retail sale of cultural and recreation goods in specialized stores","","","","","","","https://unstats.un.org/classifications/ISIC/rev4/476"
"4761","476","Retail sale of books, newspapers and stationary in specialized stores","","","","","","","https://unstats.un.org/classifications/ISIC/rev4/4761"
"4762","476","Retail sale of music and video recordings in specialized stores","","","","","","","https://unstats.un.org/classifications/ISIC/rev4/4762"
"4763","476","Retail sale of sporting equipment in specialized stores","","","","","","","https://unstats.un.org/classifications/ISIC/rev4/4763"
"4764","476","Retail sale of games and toys in specialized stores","","","","","","","https://unstats.un.org/classifications/ISIC/rev4/4764"
"477","47","Retail sale of other goods in specialized stores","","","","","","","https://unstats.un.org/classifications/ISIC/rev4/477"
"4771","477","Retail sale of clothing, footwear and leather articles in specialized stores","","","","","","","https://unstats.un.org/classifications/ISIC/rev4/4771"
"4772","477","Retail sale of pharmaceutical and medical goods, cosmetic and toilet articles in specialized stores","","","","","","","https://unstats.un.org/classifications/ISIC/rev4/4772"
"4773","477","Other retail sale of new goods in specialized stores","","","","","","","https://unstats.un.org/classifications/ISIC/rev4/4773"
"4774","477","Retail sale of second-hand goods","","","","","","","https://unstats.un.org/classifications/ISIC/rev4/4774"
"478","47","Retail sale via stalls and markets","","","","","","","https://unstats.un.org/classifications/ISIC/rev4/478"
"4781","478","Retail sale via stalls and markets of food, beverages and tobacco products","","","","","","","https://unstats.un.org/classifications/ISIC/rev4/4781"
"4782","478","Retail sale via stalls and markets of textiles, clothing and footwear","","","","","","","https://unstats.un.org/classifications/ISIC/rev4/4782"
"4789","478","Retail sale via stalls and markets of other goods","","","","","","","https://unstats.un.org/classifications/ISIC/rev4/4789"
"479","47","Retail trade not in stores, stalls or markets","","","","","","","https://unstats.un.org/classifications/ISIC/rev4/479"
"4791","479","Retail sale via mail order houses or via Internet","","","","","","","https://unstats.un.org/classifications/ISIC/rev4/4791"
"4799","479","Other retail sale not in stores, stalls or markets","","","","","","","https://unstats.un.org/classifications/ISIC/rev4/4799"
"49","H","Land transport and transport via pipelines","","","","","","","https://unstats.un.org/classifications/ISIC/rev4/49"
"491","49","Transport via railways","","","","","","","https://unstats.un.org/classifications/ISIC/rev4/491"
"4911","491","Passenger rail transport, interurban","","","","","","","https://unstats.un.org/classifications/ISIC/rev4/4911"
"4912","491","Freight rail transport","","","","","","","https://unstats.un.org/classifications/ISIC/rev4/4912"
"492","49","Other land transport","","","","","","","https://unstats.un.org/classifications/ISIC/rev4/492"
"4921","492","Urban and suburban passenger land transport","","","","","","","https://unstats.un.org/classifications/ISIC/rev4/4921"
"4922","492","Other passenger land transport","","","","","","","https://unstats.un.org/classifications/ISIC/rev4/4922"
"4923","492","Freight transport by road","","","","","","","https://unstats.un.org/classifications/ISIC/rev4/4923"
"493","49","Transport via pipeline","","","","","","","https://unstats.un.org/classifications/ISIC/rev4/493"
"4930","493","Transport via pipeline","","","","","","","https://unstats.un.org/classifications/ISIC/rev4/4930"
"50","H","Water transport","","","","","","","https://unstats.un.org/classifications/ISIC/rev4/50"
"501","50","Sea and coastal water transport","","","","","","","https://unstats.un.org/classifications/ISIC/rev4/501"
"5011","501","Sea and coastal passenger water transport","","","","","","","https://unstats.un.org/classifications/ISIC/rev4/5011"
"5012","501","Sea and coastal freight water transport","","","","","","","https://unstats.un.org/classifications/ISIC/rev4/5012"
"502","50","Inland water transport","","","","","","","https://unstats.un.org/classifications/ISIC/rev4/502"
"5021","502","Inland passenger water transport","","","","","","","https://unstats.un.org/classifications/ISIC/rev4/5021"
"5022","502","Inland freight water transport","","","","","","","https://unstats.un.org/classifications/ISIC/rev4/5022"
"51","H","Air transport","","","","","","","https://unstats.un.org/classifications/ISIC/rev4/51"
"511","51","Passenger air transport","","","","","","","https://unstats.un.org/classifications/ISIC/rev4/511"
"5110","511","Passenger air transport","","","","","","","https://unstats.un.org/classifications/ISIC/rev4/5110"
"512","51","Freight air transport","","","","","","","https://unstats.un.org/classifications/ISIC/rev4/512"
"5120","512","Freight air transport","","","","","","","https://unstats.un.org/classifications/ISIC/rev4/5120"
"52","H","Warehousing and support activities for transportation","","","","","","","https://unstats.un.org/classifications/ISIC/rev4/52"
"521","52","Warehousing and storage","","","","","","","https://unstats.un.org/classifications/ISIC/rev4/521"
"5210","521","Warehousing and storage","","","","","","","https://unstats.un.org/classifications/ISIC/rev4/5210"
"522","52","Support activities for transportation","","","","","","","https://unstats.un.org/classifications/ISIC/rev4/522"
"5221","522","Service activities incidental to land transportation","","","","","","","https://unstats.un.org/classifications/ISIC/rev4/5221"
"5222","522","Service activities incidental to water transportation","","","","","","","https://unstats.un.org/classifications/ISIC/rev4/5222"
"5223","522","Service activities incidental to air transportation","","","","","","","https://unstats.un.org/classifications/ISIC/rev4/5223"
"5224","522","Cargo handling","","","","","","","https://unstats.un.org/classifications/ISIC/rev4/5224"
"5229","522","Other transportation support activities","","","","","","","https://unstats.un.org/classifications/ISIC/rev4/5229"
"53","H","Postal and courier activities","","","","","","","https://unstats.un.org/classifications/ISIC/rev4/53"
"531","53","Postal activities","","","","","","","https://unstats.un.org/classifications/ISIC/rev4/531"
"5310","531","Postal activities","","","","","","","https://unstats.un.org/classifications/ISIC/rev4/5310"
"532","53","Courier activities","","","","","","","https://unstats.un.org/classifications/ISIC/rev4/532"
"5320","532","Courier activities","","","","","","","https://unstats.un.org/classifications/ISIC/rev4/5320"
"55","I","Accommodation","","","","","","","https://unstats.un.org/classifications/ISIC/rev4/55"
"551","55","Short term accommodation activities","","","","","","","https://unstats.un.org/classifications/ISIC/rev4/551"
"5510","551","Short term accommodation activities","","","","","","","https://unstats.un.org/classifications/ISIC/rev4/5510"
"552","55","Camping grounds, recreational vehicle parks and trailer parks","","","","","","","https://unstats.un.org/classifications/ISIC/rev4/552"
"5520","552","Camping grounds, recreational vehicle parks and trailer parks","","","","","","","https://unstats.un.org/classifications/ISIC/rev4/5520"
"559","55","Other accommodation","","","","","","","https://unstats.un.org/classifications/ISIC/rev4/559"
"5590","559","Other accommodation","","","","","","","https://unstats.un.org/classifications/ISIC/rev4/5590"
"56","I","Food and beverage service activities","","","","","","","https://unstats.un.org/classifications/ISIC/rev4/56"
"561","56","Restaurants and mobile food service activities","","","","","","","https://unstats.un.org/classifications/ISIC/rev4/561"
"5610","561","Restaurants and mobile food service activities","","","","","","","https://unstats.un.org/classifications/ISIC/rev4/5610"
"562","56","Event catering and other food service activities","","","","","","","https://unstats.un.org/classifications/ISIC/rev4/562"
"5621","562","Event catering","","","","","","","https://unstats.un.org/classifications/ISIC/rev4/5621"
"5629","562","Other food service activities","","","","","","","https://unstats.un.org/classifications/ISIC/rev4/5629"
"563","56","Beverage serving activities","","","","","","","https://unstats.un.org/classifications/ISIC/rev4/563"
"5630","563","Beverage serving activities","","","","","","","https://unstats.un.org/classifications/ISIC/rev4/5630"
"58","J","Publishing activities","","","","","","","https://unstats.un.org/classifications/ISIC/rev4/58"
"581","58","Publishing of books, periodicals and other publishing activities","","","","","","","https://unstats.un.org/classifications/ISIC/rev4/581"
"5811","581","Book publishing","","","","","","","https://unstats.un.org/classifications/ISIC/rev4/5811"
"5812","581","Publishing of directories and mailing lists","","","","","","","https://unstats.un.org/classifications/ISIC/rev4/5812"
"5813","581","Publishing of newspapers, journals and periodicals","","","","","","","https://unstats.un.org/classifications/ISIC/rev4/5813"
"5819","581","Other publishing activities","","","","","","","https://unstats.un.org/classifications/ISIC/rev4/5819"
"582","58","Software publishing","","","","","","","https://unstats.un.org/classifications/ISIC/rev4/582"
"5820","582","Software publishing","","","","","","","https://unstats.un.org/classifications/ISIC/rev4/5820"
"59","J","Motion picture, video and television programme production, sound recording and music publishing activities","","","","","","","https://unstats.un.org/classifications/ISIC/rev4/59"
"591","59","Motion picture, video and television programme activities","","","","","","","https://unstats.un.org/classifications/ISIC/rev4/591"
"5911","591","Motion picture, video and television programme production activities","","","","","","","https://unstats.un.org/classifications/ISIC/rev4/5911"
"5912","591","Motion picture, video and television programme post-production activities","","","","","","","https://unstats.un.org/classifications/ISIC/rev4/5912"
"5913","591","Motion picture, video and television programme distribution activities","","","","","","","https://unstats.un.org/classifications/ISIC/rev4/5913"
"5914","591","Motion picture projection activities","","","","","","","https://unstats.un.org/classifications/ISIC/rev4/5914"
"592","59","Sound recording and music publishing activities","","","","","","","https://unstats.un.org/classifications/ISIC/rev4/592"
"5920","592","Sound recording and music publishing activities","","","","","","","https://unstats.un.org/classifications/ISIC/rev4/5920"
"60","J","Programming and broadcasting activities","","","","","","","https://unstats.un.org/classifications/ISIC/rev4/60"
"601","60","Radio broadcasting","","","","","","","https://unstats.un.org/classifications/ISIC/rev4/601"
"6010","601","Radio broadcasting","","","","","","","https://unstats.un.org/classifications/ISIC/rev4/6010"
"602","60","Television programming and broadcasting activities","","","","","","","https://unstats.un.org/classifications/ISIC/rev4/602"
"6020","602","Television programming and broadcasting activities","","","","","","","https://unstats.un.org/classifications/ISIC/rev4/6020"
"61","J","Telecommunications","","","","","","","https://unstats.un.org/classifications/ISIC/rev4/61"
"611","61","Wired telecommunications activities","","","","","","","https://unstats.un.org/classifications/ISIC/rev4/611"
"6110","611","Wired telecommunications activities","","","","","","","https://unstats.un.org/classifications/ISIC/rev4/6110"
"612","61","Wireless telecommunications activities","","","","","","","https://unstats.un.org/classifications/ISIC/rev4/612"
"6120","612","Wireless telecommunications activities","","","","","","","https://unstats.un.org/classifications/ISIC/rev4/6120"
"613","61","Satellite telecommunications activities","","","","","","","https://unstats.un.org/classifications/ISIC/rev4/613"
"6130","613","Satellite telecommunications activities","","","","","","","https://unstats.un.org/classifications/ISIC/rev4/6130"
"619","61","Other telecommunications activities","","","","","","","https://unstats.un.org/classifications/ISIC/rev4/619"
"6190","619","Other telecommunications activities","","","","","","","https://unstats.un.org/classifications/ISIC/rev4/6190"
"62","J","Computer programming, consultancy and related activities","","","","","","","https://unstats.un.org/classifications/ISIC/rev4/62"
"620","62","Computer programming, consultancy and related activities","","","","","","","https://unstats.un.org/classifications/ISIC/rev4/620"
"6201","620","Computer programming activities","","","","","","","https://unstats.un.org/classifications/ISIC/rev4/6201"
"6202","620","Computer consultancy and computer facilities management activities","","","","","","","https://unstats.un.org/classifications/ISIC/rev4/6202"
"6209","620","Other information technology and computer service activities","","","","","","","https://unstats.un.org/classifications/ISIC/rev4/6209"
"63","J","Information service activities","","","","","","","https://unstats.un.org/classifications/ISIC/rev4/63"
"631","63","Data processing, hosting and related activities; web portals","","","","","","","https://unstats.un.org/classifications/ISIC/rev4/631"
"6311","631","Data processing, hosting and related activities","","","","","","","https://unstats.un.org/classifications/ISIC/rev4/6311"
"6312","631","Web portals","","","","","","","https://unstats.un.org/classifications/ISIC/rev4/6312"
"639","63","Other information service activities","","","","","","","https://unstats.un.org/classifications/ISIC/rev4/639"
"6391","639","News agency activities","","","","","","","https://unstats.un.org/classifications/ISIC/rev4/6391"
"6399","639","Other information service activities n.e.c.","","","","","","","https://unstats.un.org/classifications/ISIC/rev4/6399"
"64","K","Financial service activities, except insurance and pension funding","","","","","","","https://unstats.un.org/classifications/ISIC/rev4/64"
"641","64","Monetary intermediation","","","","","","","https://unstats.un.org/classifications/ISIC/rev4/641"
"6411","641","Central banking","","","","","","","https://unstats.un.org/classifications/ISIC/rev4/6411"
"6419","641","Other monetary intermediation","","","","","","","https://unstats.un.org/classifications/ISIC/rev4/6419"
"642","64","Activities of holding companies","","","","","","","https://unstats.un.org/classifications/ISIC/rev4/642"
"6420","642","Activities of holding companies","","","","","","","https://unstats.un.org/classifications/ISIC/rev4/6420"
"643","64","Trusts, funds and similar financial entities","","","","","","","https://unstats.un.org/classifications/ISIC/rev4/643"
"6430","643","Trusts, funds and similar financial entities","","","","","","","https://unstats.un.org/classifications/ISIC/rev4/6430"
"649","64","Other financial service activities, except insurance and pension funding activities","","","","","","","https://unstats.un.org/classifications/ISIC/rev4/649"
"6491","649","Financial leasing","","","","","","","https://unstats.un.org/classifications/ISIC/rev4/6491"
"6492","649","Other credit granting","","","","","","","https://unstats.un.org/classifications/ISIC/rev4/6492"
"6499","649","Other financial service activities, except insurance and pension funding activities, n.e.c.","","","","","","","https://unstats.un.org/classifications/ISIC/rev4/6499"
"65","K","Insurance, reinsurance and pension funding, except compulsory social security","","","","","","","https://unstats.un.org/classifications/ISIC/rev4/65"
"651","65","Insurance","","","","","","","https://unstats.un.org/classifications/ISIC/rev4/651"
"6511","651","Life insurance","","","","","","","https://unstats.un.org/classifications/ISIC/rev4/6511"
"6512","651","Non-life insurance","","","","","","","https://unstats.un.org/classifications/ISIC/rev4/6512"
"652","65","Reinsurance","","","","","","","https://unstats.un.org/classifications/ISIC/rev4/652"
"6520","652","Reinsurance","","","","","","","https://unstats.un.org/classifications/ISIC/rev4/6520"
"653","65","Pension funding","","","","","","","https://unstats.un.org/classifications/ISIC/rev4/653"
"6530","653","Pension funding","","","","","","","https://unstats.un.org/classifications/ISIC/rev4/6530"
"66","K","Activities auxiliary to financial service and insurance activities","","","","","","","https://unstats.un.org/classifications/ISIC/rev4/66"
"661","66","Activities auxiliary to financial service activities, except insurance and pension funding","","","","","","","https://unstats.un.org/classifications/ISIC/rev4/661"
"6611","661","Administration of financial markets","","","","","","","https://unstats.un.org/classifications/ISIC/rev4/6611"
"6612","661","Security and commodity contracts brokerage","","","","","","","https://unstats.un.org/classifications/ISIC/rev4/6612"
"6619","661","Other activities auxiliary to financial service activities","","","","","","","https://unstats.un.org/classifications/ISIC/rev4/6619"
"662","66","Activities auxiliary to insurance and pension funding","","","","","","","https://unstats.un.org/classifications/ISIC/rev4/662"
"6621","662","Risk and damage evaluation","","","","","","","https://unstats.un.org/classifications/ISIC/rev4/6621"
"6622","662","Activities of insurance agents and brokers","","","","","","","https://unstats.un.org/classifications/ISIC/rev4/6622"
"6629","662","Other activities auxiliary to insurance and pension funding","","","","","","","https://unstats.un.org/classifications/ISIC/rev4/6629"
"663","66","Fund management activities","","","","","","","https://unstats.un.org/classifications/ISIC/rev4/663"
"6630","663","Fund management activities","","","","","","","https://unstats.un.org/classifications/ISIC/rev4/6630"
"68","L","Real estate activities","","","","","","","https://unstats.un.org/classifications/ISIC/rev4/68"
"681","68","Real estate activities with own or leased property","","","","","","","https://unstats.un.org/classifications/ISIC/rev4/681"
"6810","681","Real estate activities with own or leased property","","","","","","","https://unstats.un.org/classifications/ISIC/rev4/6810"
"682","68","Real estate activities on a fee or contract basis","","","","","","","https://unstats.un.org/classifications/ISIC/rev4/682"
"6820","682","Real estate activities on a fee or contract basis","","","","","","","https://unstats.un.org/classifications/ISIC/rev4/6820"
"69","M","Legal and accounting activities","","","","","","","https://unstats.un.org/classifications/ISIC/rev4/69"
"691","69","Legal activities","","","","","","","https://unstats.un.org/classifications/ISIC/rev4/691"
"6910","691","Legal activities","","","","","","","https://unstats.un.org/classifications/ISIC/rev4/6910"
"692","69","Accounting, bookkeeping and auditing activities; tax consultancy","","","","","","","https://unstats.un.org/classifications/ISIC/rev4/692"
"6920","692","Accounting, bookkeeping and auditing activities; tax consultancy","","","","","","","https://unstats.un.org/classifications/ISIC/rev4/6920"
"70","M","Activities of head offices; management consultancy activities","","","","","","","https://unstats.un.org/classifications/ISIC/rev4/70"
"701","70","Activities of head offices","","","","","","","https://unstats.un.org/classifications/ISIC/rev4/701"
"7010","701","Activities of head offices","","","","","","","https://unstats.un.org/classifications/ISIC/rev4/7010"
"702","70","Management consultancy activities","","","","","","","https://unstats.un.org/classifications/ISIC/rev4/702"
"7020","702","Management consultancy activities","","","","","","","https://unstats.un.org/classifications/ISIC/rev4/7020"
"71","M","Architectural and engineering activities; technical testing and analysis","","","","","","","https://unstats.un.org/classifications/ISIC/rev4/71"
"711","71","Architectural and engineering activities and related technical consultancy","","","","","","","https://unstats.un.org/classifications/ISIC/rev4/711"
"7110","711","Architectural and engineering activities and related technical consultancy","","","","","","","https://unstats.un.org/classifications/ISIC/rev4/7110"
"712","71","Technical testing and analysis","","","","","","","https://unstats.un.org/classifications/ISIC/rev4/712"
"7120","712","Technical testing and analysis","","","","","","","https://unstats.un.org/classifications/ISIC/rev4/7120"
"72","M","Scientific research and development","","","","","","","https://unstats.un.org/classifications/ISIC/rev4/72"
"721","72","Research and experimental development on natural sciences and engineering","","","","","","","https://unstats.un.org/classifications/ISIC/rev4/721"
"7210","721","Research and experimental development on natural sciences and engineering","","","","","","","https://unstats.un.org/classifications/ISIC/rev4/7210"
"722","72","Research and experimental development on social sciences and humanities","","","","","","","https://unstats.un.org/classifications/ISIC/rev4/722"
"7220","722","Research and experimental development on social sciences and humanities","","","","","","","https://unstats.un.org/classifications/ISIC/rev4/7220"
"73","M","Advertising and market research","","","","","","","https://unstats.un.org/classifications/ISIC/rev4/73"
"731","73","Advertising","","","","","","","https://unstats.un.org/classifications/ISIC/rev4/731"
"7310","731","Advertising","","","","","","","https://unstats.un.org/classifications/ISIC/rev4/7310"
"732","73","Market research and public opinion polling","","","","","","","https://unstats.un.org/classifications/ISIC/rev4/732"
"7320","732","Market research and public opinion polling","","","","","","","https://unstats.un.org/classifications/ISIC/rev4/7320"
"74","M","Other professional, scientific and technical activities","","","","","","","https://unstats.un.org/classifications/ISIC/rev4/74"
"741","74","Specialized design activities","","","","","","","https://unstats.un.org/classifications/ISIC/rev4/741"
"7410","741","Specialized design activities","","","","","","","https://unstats.un.org/classifications/ISIC/rev4/7410"
"742","74","Photographic activities","","","","","","","https://unstats.un.org/classifications/ISIC/rev4/742"
"7420","742","Photographic activities","","","","","","","https://unstats.un.org/classifications/ISIC/rev4/7420"
"749","74","Other professional, scientific and technical activities n.e.c.","","","","","","","https://unstats.un.org/classifications/ISIC/rev4/749"
"7490","749","Other professional, scientific and technical activities n.e.c.","","","","","","","https://unstats.un.org/classifications/ISIC/rev4/7490"
"75","M","Veterinary activities","","","","","","","https://unstats.un.org/classifications/ISIC/rev4/75"
"750","75","Veterinary activities","","","","","","","https://unstats.un.org/classifications/ISIC/rev4/750"
"7500","750","Veterinary activities","","","","","","","https://unstats.un.org/classifications/ISIC/rev4/7500"
"77","N","Rental and leasing activities","","","","","","","https://unstats.un.org/classifications/ISIC/rev4/77"
"771","77","Renting and leasing of motor vehicles","","","","","","","https://unstats.un.org/classifications/ISIC/rev4/771"
"7710","771","Renting and leasing of motor vehicles","","","","","","","https://unstats.un.org/classifications/ISIC/rev4/7710"
"772","77","Renting and leasing of personal and household goods","","","","","","","https://unstats.un.org/classifications/ISIC/rev4/772"
"7721","772","Renting and leasing of recreational and sports goods","","","","","","","https://unstats.un.org/classifications/ISIC/rev4/7721"
"7722","772","Renting of video tapes and disks","","","","","","","https://unstats.un.org/classifications/ISIC/rev4/7722"
"7729","772","Renting and leasing of other personal and household goods","","","","","","","https://unstats.un.org/classifications/ISIC/rev4/7729"
"773","77","Renting and leasing of other machinery, equipment and tangible goods","","","","","","","https://unstats.un.org/classifications/ISIC/rev4/773"
"7730","773","Renting and leasing of other machinery, equipment and tangible goods","","","","","","","https://unstats.un.org/classifications/ISIC/rev4/7730"
"774","77","Leasing of intellectual property and similar products, except copyrighted works","","","","","","","https://unstats.un.org/classifications/ISIC/rev4/774"
"7740","774","Leasing of intellectual property and similar products, except copyrighted works","","","","","","","https://unstats.un.org/classifications/ISIC/rev4/7740"
"78","N","Employment activities","","","","","","","https://unstats.un.org/classifications/ISIC/rev4/78"
"781","78","Activities of employment placement agencies","","","","","","","https://unstats.un.org/classifications/ISIC/rev4/781"
"7810","781","Activities of employment placement agencies","","","","","","","https://unstats.un.org/classifications/ISIC/rev4/7810"
"782","78","Temporary employment agency activities","","","","","","","https://unstats.un.org/classifications/ISIC/rev4/782"
"7820","782","Temporary employment agency activities","","","","","","","https://unstats.un.org/classifications/ISIC/rev4/7820"
"783","78","Other human resources provision","","","","","","","https://unstats.un.org/classifications/ISIC/rev4/783"
"7830","783","Other human resources provision","","","","","","","https://unstats.un.org/classifications/ISIC/rev4/7830"
"79","N","Travel agency, tour operator, reservation service and related activities","","","","","","","https://unstats.un.org/classifications/ISIC/rev4/79"
"791","79","Travel agency and tour operator activities","","","","","","","https://unstats.un.org/classifications/ISIC/rev4/791"
"7911","791","Travel agency activities","","","","","","","https://unstats.un.org/classifications/ISIC/rev4/7911"
"7912","791","Tour operator activities","","","","","","","https://unstats.un.org/classifications/ISIC/rev4/7912"
"799","79","Other reservation service and related activities","","","","","","","https://unstats.un.org/classifications/ISIC/rev4/799"
"7990","799","Other reservation service and related activities","","","","","","","https://unstats.un.org/classifications/ISIC/rev4/7990"
"80","N","Security and investigation activities","","","","","","","https://unstats.un.org/classifications/ISIC/rev4/80"
"801","80","Private security activities","","","","","","","https://unstats.un.org/classifications/ISIC/rev4/801"
"8010","801","Private security activities","","","","","","","https://unstats.un.org/classifications/ISIC/rev4/8010"
"802","80","Security systems service activities","","","","","","","https://unstats.un.org/classifications/ISIC/rev4/802"
"8020","802","Security systems service activities","","","","","","","https://unstats.un.org/classifications/ISIC/rev4/8020"
"803","80","Investigation activities","","","","","","","https://unstats.un.org/classifications/ISIC/rev4/803"
"8030","803","Investigation activities","","","","","","","https://unstats.un.org/classifications/ISIC/rev4/8030"
"81","N","Services to buildings and landscape activities","","","","","","","https://unstats.un.org/classifications/ISIC/rev4/81"
"811","81","Combined facilities support activities","","","","","","","https://unstats.un.org/classifications/ISIC/rev4/811"
"8110","811","Combined facilities support activities","","","","","","","https://unstats.un.org/classifications/ISIC/rev4/8110"
"812","81","Cleaning activities","","","","","","","https://unstats.un.org/classifications/ISIC/rev4/812"
"8121","812","General cleaning of buildings","","","","","","","https://unstats.un.org/classifications/ISIC/rev4/8121"
"8129","812","Other building and industrial cleaning activities","","","","","","","https://unstats.un.org/classifications/ISIC/rev4/8129"
"813","81","Landscape care and maintenance service activities","","","","","","","https://unstats.un.org/classifications/ISIC/rev4/813"
"8130","813","Landscape care and maintenance service activities","","","","","","","https://unstats.un.org/classifications/ISIC/rev4/8130"
"82","N","Office administrative, office support and other business support activities","","","","","","","https://unstats.un.org/classifications/ISIC/rev4/82"
"821","82","Office administrative and support activities","","","","","","","https://unstats.un.org/classifications/ISIC/rev4/821"
"8211","821","Combined office administrative service activities","","","","","","","https://unstats.un.org/classifications/ISIC/rev4/8211"
"8219","821","Photocopying, document preparation and other specialized office support activities","","","","","","","https://unstats.un.org/classifications/ISIC/rev4/8219"
"822","82","Activities of call centres","","","","","","","https://unstats.un.org/classifications/ISIC/rev4/822"
"8220","822","Activities of call centres","","","","","","","https://unstats.un.org/classifications/ISIC/rev4/8220"
"823","82","Organization of conventions and trade shows","","","","","","","https://unstats.un.org/classifications/ISIC/rev4/823"
"8230","823","Organization of conventions and trade shows","","","","","","","https://unstats.un.org/classifications/ISIC/rev4/8230"
"829","82","Business support service activities n.e.c.","","","","","","","https://unstats.un.org/classifications/ISIC/rev4/829"
"8291","829","Activities of collection agencies and credit bureaus","","","","","","","https://unstats.un.org/classifications/ISIC/rev4/8291"
"8292","829","Packaging activities","","","","","","","https://unstats.un.org/classifications/ISIC/rev4/8292"
"8299","829","Other business support service activities n.e.c.","","","","","","","https://unstats.un.org/classifications/ISIC/rev4/8299"
"84","O","Public administration and defence; compulsory social security","","","","","","","https://unstats.un.org/classifications/ISIC/rev4/84"
"841","84","Administration of the State and the economic and social policy of the community","","","","","","","https://unstats.un.org/classifications/ISIC/rev4/841"
"8411","841","General public administration activities","","","","","","","https://unstats.un.org/classifications/ISIC/rev4/8411"
"8412","841","Regulation of the activities of providing health care, education, cultural services and other social services, excluding social security","","","","","","","https://unstats.un.org/classifications/ISIC/rev4/8412"
"8413","841","Regulation of and contribution to more efficient operation of businesses","","","","","","","https://unstats.un.org/classifications/ISIC/rev4/8413"
"842","84","Provision of services to the community as a whole","","","","","","","https://unstats.un.org/classifications/ISIC/rev4/842"
"8421","842","Foreign affairs","","","","","","","https://unstats.un.org/classifications/ISIC/rev4/8421"
"8422","842","Defence activities","","","","","","","https://unstats.un.org/classifications/ISIC/rev4/8422"
"8423","842","Public order and safety activities","","","","","","","https://unstats.un.org/classifications/ISIC/rev4/8423"
"843","84","Compulsory social security activities","","","","","","","https://unstats.un.org/classifications/ISIC/rev4/843"
"8430","843","Compulsory social security activities","","","","","","","https://unstats.un.org/classifications/ISIC/rev4/8430"
"85","P","Education","","","","","","","https://unstats.un.org/classifications/ISIC/rev4/85"
"851","85","Pre-primary and primary education","","","","","","","https://unstats.un.org/classifications/ISIC/rev4/851"
"8510","851","Pre-primary and primary education","","","","","","","https://unstats.un.org/classifications/ISIC/rev4/8510"
"852","85","Secondary education","","","","","","","https://unstats.un.org/classifications/ISIC/rev4/852"
"8521","852","General secondary education","","","","","","","https://unstats.un.org/classifications/ISIC/rev4/8521"
"8522","852","Technical and vocational secondary education","","","","","","","https://unstats.un.org/classifications/ISIC/rev4/8522"
"853","85","Higher education","","","","","","","https://unstats.un.org/classifications/ISIC/rev4/853"
"8530","853","Higher education","","","","","","","https://unstats.un.org/classifications/ISIC/rev4/8530"
"854","85","Other education","","","","","","","https://unstats.un.org/classifications/ISIC/rev4/854"
"8541","854","Sports and recreation education","","","","","","","https://unstats.un.org/classifications/ISIC/rev4/8541"
"8542","854","Cultural education","","","","","","","https://unstats.un.org/classifications/ISIC/rev4/8542"
"8549","854","Other education n.e.c.","","","","","","","https://unstats.un.org/classifications/ISIC/rev4/8549"
"855","85","Educational support activities","","","","","","","https://unstats.un.org/classifications/ISIC/rev4/855"
"8550","855","Educational support activities","","","","","","","https://unstats.un.org/classifications/ISIC/rev4/8550"
"86","Q","Human health activities","","","","","","","https://unstats.un.org/classifications/ISIC/rev4/86"
"861","86","Hospital activities","","","","","","","https://unstats.un.org/classifications/ISIC/rev4/861"
"8610","861","Hospital activities","","","","","","","https://unstats.un.org/classifications/ISIC/rev4/8610"
"862","86","Medical and dental practice activities","","","","","","","https://unstats.un.org/classifications/ISIC/rev4/862"
"8620","862","Medical and dental practice activities","","","","","","","https://unstats.un.org/classifications/ISIC/rev4/8620"
"869","86","Other human health activities","","","","","","","https://unstats.un.org/classifications/ISIC/rev4/869"
"8690","869","Other human health activities","","","","","","","https://unstats.un.org/classifications/ISIC/rev4/8690"
"87","Q","Residential care activities","","","","","","","https://unstats.un.org/classifications/ISIC/rev4/87"
"871","87","Residential nursing care facilities","","","","","","","https://unstats.un.org/classifications/ISIC/rev4/871"
"8710","871","Residential nursing care facilities","","","","","","","https://unstats.un.org/classifications/ISIC/rev4/8710"
"872","87","Residential care activities for mental retardation, mental health and substance abuse","","","","","","","https://unstats.un.org/classifications/ISIC/rev4/872"
"8720","872","Residential care activities for mental retardation, mental health and substance abuse","","","","","","","https://unstats.un.org/classifications/ISIC/rev4/8720"
"873","87","Residential care activities for the elderly and disabled","","","","","","","https://unstats.un.org/classifications/ISIC/rev4/873"
"8730","873","Residential care activities for the elderly and disabled","","","","","","","https://unstats.un.org/classifications/ISIC/rev4/8730"
"879","87","Other residential care activities","","","","","","","https://unstats.un.org/classifications/ISIC/rev4/879"
"8790","879","Other residential care activities","","","","","","","https://unstats.un.org/classifications/ISIC/rev4/8790"
"88","Q","Social work activities without accommodation","","","","","","","https://unstats.un.org/classifications/ISIC/rev4/88"
"881","88","Social work activities without accommodation for the elderly and disabled","","","","","","","https://unstats.un.org/classifications/ISIC/rev4/881"
"8810","881","Social work activities without accommodation for the elderly and disabled","","","","","","","https://unstats.un.org/classifications/ISIC/rev4/8810"
"889","88","Other social work activities without accommodation","","","","","","","https://unstats.un.org/classifications/ISIC/rev4/889"
"8890","889","Other social work activities without accommodation","","","","","","","https://unstats.un.org/classifications/ISIC/rev4/8890"
"90","R","Creative, arts and entertainment activities","","","","","","","https://unstats.un.org/classifications/ISIC/rev4/90"
"900","90","Creative, arts and entertainment activities","","","","","","","https://unstats.un.org/classifications/ISIC/rev4/900"
"9000","900","Creative, arts and entertainment activities","","","","","","","https://unstats.un.org/classifications/ISIC/rev4/9000"
"91","R","Libraries, archives, museums and other cultural activities","","","","","","","https://unstats.un.org/classifications/ISIC/rev4/91"
"910","91","Libraries, archives, museums and other cultural activities","","","","","","","https://unstats.un.org/classifications/ISIC/rev4/910"
"9101","910","Library and archives activities","","","","","","","https://unstats.un.org/classifications/ISIC/rev4/9101"
"9102","910","Museums activities and operation of historical sites and buildings","","","","","","","https://unstats.un.org/classifications/ISIC/rev4/9102"
"9103","910","Botanical and zoological gardens and nature reserves activities","","","","","","","https://unstats.un.org/classifications/ISIC/rev4/9103"
"92","R","Gambling and betting activities","","","","","","","https://unstats.un.org/classifications/ISIC/rev4/92"
"920","92","Gambling and betting activities","","","","","","","https://unstats.un.org/classifications/ISIC/rev4/920"
"9200","920","Gambling and betting activities","","","","","","","https://unstats.un.org/classifications/ISIC/rev4/9200"
"93","R","Sports activities and amusement and recreation activities","","","","","","","https://unstats.un.org/classifications/ISIC/rev4/93"
"931","93","Sports activities","","","","","","","https://unstats.un.org/classifications/ISIC/rev4/931"
"9311","931","Operation of sports facilities","","","","","","","https://unstats.un.org/classifications/ISIC/rev4/9311"
"9312","931","Activities of sports clubs","","","","","","","https://unstats.un.org/classifications/ISIC/rev4/9312"
"9319","931","Other sports activities","","","","","","","https://unstats.un.org/classifications/ISIC/rev4/9319"
"932","93","Other amusement and recreation activities","","","","","","","https://unstats.un.org/classifications/ISIC/rev4/932"
"9321","932","Activities of amusement parks and theme parks","","","","","","","https://unstats.un.org/classifications/ISIC/rev4/9321"
"9329","932","Other amusement and recreation activities n.e.c.","","","","","","","https://unstats.un.org/classifications/ISIC/rev4/9329"
"94","S","Activities of membership organizations","","","","","","","https://unstats.un.org/classifications/ISIC/rev4/94"
"941","94","Activities of business, employers and professional membership organizations","","","","","","","https://unstats.un.org/classifications/ISIC/rev4/941"
"9411","941","Activities of business and employers membership organizations","","","","","","","https://unstats.un.org/classifications/ISIC/rev4/9411"
"9412","941","Activities of professional membership organizations","","","","","","","https://unstats.un.org/classifications/ISIC/rev4/9412"
"942","94","Activities of trade unions","","","","","","","https://unstats.un.org/classifications/ISIC/rev4/942"
"9420","942","Activities of trade unions","","","","","","","https://unstats.un.org/classifications/ISIC/rev4/9420"
"949","94","Activities of other membership organizations","","","","","","","https://unstats.un.org/classifications/ISIC/rev4/949"
"9491","949","Activities of religious organizations","","","","","","","https://unstats.un.org/classifications/ISIC/rev4/9491"
"9492","949","Activities of political organizations","","","","","","","https://unstats.un.org/classifications/ISIC/rev4/9492"
"9499","949","Activities of other membership organizations n.e.c.","","","","","","","https://unstats.un.org/classifications/ISIC/rev4/9499"
"95","S","Repair of computers and personal and household goods","","","","","","","https://unstats.un.org/classifications/ISIC/rev4/95"
"951","95","Repair of computers and communication equipment","","","","","","","https://unstats.un.org/classifications/ISIC/rev4/951"
"9511","951","Repair of computers and peripheral equipment","","","","","","","https://unstats.un.org/classifications/ISIC/rev4/9511"
"9512","951","Repair of communication equipment","","","","","","","https://unstats.un.org/classifications/ISIC/rev4/9512"
"952","95","Repair of personal and household goods","","","","","","","https://unstats.un.org/classifications/ISIC/rev4/952"
"9521","952","Repair of consumer electronics","","","","","","","https://unstats.un.org/classifications/ISIC/rev4/9521"
"9522","952","Repair of household appliances and home and garden equipment","","","","","","","https://unstats.un.org/classifications/ISIC/rev4/9522"
"9523","952","Repair of footwear and leather goods","","","","","","","https://unstats.un.org/classifications/ISIC/rev4/9523"
"9524","952","Repair of furniture and home furnishings","","","","","","","https://unstats.un.org/classifications/ISIC/rev4/9524"
"9529","952","Repair of other personal and household goods","","","","","","","https://unstats.un.org/classifications/ISIC/rev4/9529"
"96","S","Other personal service activities","","","","","","","https://unstats.un.org/classifications/ISIC/rev4/96"
"960","96","Other personal service activities","","","","","","","https://unstats.un.org/classifications/ISIC/rev4/960"
"9601","960","Washing and (dry-) cleaning of textile and fur products","","","","","","","https://unstats.un.org/classifications/ISIC/rev4/9601"
"9602","960","Hairdressing and other beauty treatment","","","","","","","https://unstats.un.org/classifications/ISIC/rev4/9602"
"9603","960","Funeral and related activities","","","","","","","https://unstats.un.org/classifications/ISIC/rev4/9603"
"9609","960","Other personal service activities n.e.c.","","","","","","","https://unstats.un.org/classifications/ISIC/rev4/9609"
"97","T","Activities of households as employers of domestic personnel","","","","","","","https://unstats.un.org/classifications/ISIC/rev4/97"
"970","97","Activities of households as employers of domestic personnel","","","","","","","https://unstats.un.org/classifications/ISIC/rev4/970"
"9700","970","Activities of households as employers of domestic personnel","","","","","","","https://unstats.un.org/classifications/ISIC/rev4/9700"
"98","T","Undifferentiated goods- and services-producing activities of private households for own use","","","","","","","https://unstats.un.org/classifications/ISIC/rev4/98"
"981","98","Undifferentiated goods-producing activities of private households for own use","","","","","","","https://unstats.un.org/classifications/ISIC/rev4/981"
"9810","981","Undifferentiated goods-producing activities of private households for own use","","","","","","","https://unstats.un.org/classifications/ISIC/rev4/9810"
"982","98","Undifferentiated service-producing activities of private households for own use","","","","","","","https://unstats.un.org/classifications/ISIC/rev4/982"
"9820","982","Undifferentiated service-producing activities of private households for own use","","","","","","","https://unstats.un.org/classifications/ISIC/rev4/9820"
"99","U","Activities of extraterritorial organizations and bodies","","","","","","","https://unstats.un.org/classifications/ISIC/rev4/99"
"990","99","Activities of extraterritorial organizations and bodies","","","","","","","https://unstats.un.org/classifications/ISIC/rev4/990"
"9900","990","Activities of extraterritorial organizations and bodies","","","","","","","https://unstats.un.org/classifications/ISIC/rev4/9900"
"A","","Agriculture, forestry and fishing","","","","","","","https://unstats.un.org/classifications/ISIC/rev4/A"
"B","","Mining and quarrying","","","","","","","https://unstats.un.org/classifications/ISIC/rev4/B"
"C","","Manufacturing","","","","","","","https://unstats.un.org/classifications/ISIC/rev4/C"
"D","","Electricity, gas, steam and air conditioning supply","","","","","","","https://unstats.un.org/classifications/ISIC/rev4/D"
"E","","Water supply; sewerage, waste management and remediation activities","","","","","","","https://unstats.un.org/classifications/ISIC/rev4/E"
"F","","Construction","","","","","","","https://unstats.un.org/classifications/ISIC/rev4/F"
"G","","Wholesale and retail trade; repair of motor vehicles and motorcycles","","","","","","","https://unstats.un.org/classifications/ISIC/rev4/G"
"H","","Transportation and storage","","","","","","","https://unstats.un.org/classifications/ISIC/rev4/H"
"I","","Accommodation and food service activities","","","","","","","https://unstats.un.org/classifications/ISIC/rev4/I"
"J","","Information and communication","","","","","","","https://unstats.un.org/classifications/ISIC/rev4/J"
"K","","Financial and insurance activities","","","","","","","https://unstats.un.org/classifications/ISIC/rev4/K"
"L","","Real estate activities","","","","","","","https://unstats.un.org/classifications/ISIC/rev4/L"
"M","","Professional, scientific and technical activities","","","","","","","https://unstats.un.org/classifications/ISIC/rev4/M"
"N","","Administrative and support service activities","","","","","","","https://unstats.un.org/classifications/ISIC/rev4/N"
"O","","Public administration and defence; compulsory social security","","","","","","","https://unstats.un.org/classifications/ISIC/rev4/O"
"P","","Education","","","","","","","https://unstats.un.org/classifications/ISIC/rev4/P"
"Q","","Human health and social work activities","","","","","","","https://unstats.un.org/classifications/ISIC/rev4/Q"
"R","","Arts, entertainment and recreation","","","","","","","https://unstats.un.org/classifications/ISIC/rev4/R"
"S","","Other service activities","","","","","","","https://unstats.un.org/classifications/ISIC/rev4/S"
"T","","Activities of households as employers; undifferentiated goods- and services-producing activities of households for own use","","","","","","","https://unstats.un.org/classifications/ISIC/rev4/T"
"U","","Activities of extraterritorial organizations and bodies","","","","","","","https://unstats.un.org/classifications/ISIC/rev4/U"
